tanggal,kode,nama_barang,stok_awal,masuk,keluar,stok_akhir,satuan,nilai (Rp),bulan
2024-01-01 00:00:00,BB0100,Nutrisari,89,31,51,69,sachet,103500,1
2024-01-01 00:00:00,BB0125,Beras,39,8,22,25,kg,325000,1
2024-01-01 00:00:00,BB0148,Saus Sambal,46,27,35,38,botol,380000,1
2024-01-01 00:00:00,BB0767,Kol,65,18,19,64,kg,512000,1
2024-01-01 00:00:00,BB0892,Wortel,91,20,61,50,kg,450000,1
2024-01-02 00:00:00,BB0318,Kecap Manis,80,4,28,56,botol,672000,1
2024-01-02 00:00:00,BB0968,Susu Kental Manis,70,29,76,23,kaleng,230000,1
2024-01-03 00:00:00,BB0064,Teh Celup,5,37,31,11,bungkus,22000,1
2024-01-03 00:00:00,BB0503,Ikan Lele,10,15,23,2,kg,50000,1
2024-01-03 00:00:00,BB0651,Gula Pasir,22,11,4,29,kg,348000,1
2024-01-03 00:00:00,BB0753,Susu Kental Manis,54,33,6,81,kaleng,810000,1
2024-01-04 00:00:00,BB0451,Tempe,53,40,44,49,potong,147000,1
2024-01-04 00:00:00,BB0581,Kopi Bubuk,53,33,54,32,bungkus,160000,1
2024-01-04 00:00:00,BB0716,Minyak Goreng,58,35,65,28,liter,280000,1
2024-01-05 00:00:00,BB0024,Daging Sapi (Empal),34,35,51,18,kg,1620000,1
2024-01-05 00:00:00,BB0299,Kopi Bubuk,62,13,61,14,bungkus,70000,1
2024-01-05 00:00:00,BB0659,Ikan Lele,34,46,0,80,kg,2000000,1
2024-01-05 00:00:00,BB0713,Tempe,23,50,50,23,potong,69000,1
2024-01-05 00:00:00,BB0826,Brokoli,78,5,50,33,kg,495000,1
2024-01-06 00:00:00,BB0143,Cabe Merah,67,23,35,55,kg,1650000,1
2024-01-06 00:00:00,BB0469,Kentang,37,10,28,19,kg,190000,1
2024-01-07 00:00:00,BB0313,Tomat,53,47,1,99,kg,990000,1
2024-01-07 00:00:00,BB0358,Teh Celup,82,31,14,99,bungkus,198000,1
2024-01-07 00:00:00,BB0840,Cabe Rawit,63,50,112,1,kg,32000,1
2024-01-07 00:00:00,BB0845,Air Galon,98,3,28,73,galon,1095000,1
2024-01-08 00:00:00,BB0898,Tahu,47,5,34,18,buah,36000,1
2024-01-08 00:00:00,BB0915,Kentang,51,13,26,38,kg,380000,1
2024-01-08 00:00:00,BB0934,Air Galon,18,13,15,16,galon,240000,1
2024-01-09 00:00:00,BB0072,Saus Sambal,10,33,9,34,botol,340000,1
2024-01-09 00:00:00,BB0130,Gula Pasir,34,12,10,36,kg,432000,1
2024-01-10 00:00:00,BB0213,Daging Ayam,10,19,27,2,kg,76000,1
2024-01-11 00:00:00,BB0540,Mayones,75,21,23,73,botol,1825000,1
2024-01-11 00:00:00,BB0620,Daging Ayam,93,18,13,98,kg,3724000,1
2024-01-11 00:00:00,BB0897,Bawang Putih,72,45,55,62,kg,1364000,1
2024-01-12 00:00:00,BB0394,Air Galon,33,19,37,15,galon,225000,1
2024-01-13 00:00:00,BB0356,Tomat,47,35,70,12,kg,120000,1
2024-01-13 00:00:00,BB0912,Ikan Gurame,38,28,19,47,kg,1645000,1
2024-01-14 00:00:00,BB0233,Susu Kental Manis,64,8,10,62,kaleng,620000,1
2024-01-14 00:00:00,BB0785,Tahu,20,35,12,43,buah,86000,1
2024-01-14 00:00:00,BB0933,Ikan Nila,39,41,20,60,kg,1680000,1
2024-01-15 00:00:00,BB0524,Ikan Nila,58,4,29,33,kg,924000,1
2024-01-15 00:00:00,BB0571,Susu Kental Manis,15,9,7,17,kaleng,170000,1
2024-01-15 00:00:00,BB0609,Kecap Manis,58,34,26,66,botol,792000,1
2024-01-15 00:00:00,BB0980,Cabe Merah,99,8,91,16,kg,480000,1
2024-01-16 00:00:00,BB0405,Kentang,36,18,53,1,kg,10000,1
2024-01-17 00:00:00,BB0134,Ikan Nila,10,50,27,33,kg,924000,1
2024-01-17 00:00:00,BB0204,Ikan Gurame,51,47,37,61,kg,2135000,1
2024-01-17 00:00:00,BB0773,Daging Ayam,9,18,13,14,kg,532000,1
2024-01-18 00:00:00,BB0104,Cabe Merah,72,1,0,73,kg,2190000,1
2024-01-18 00:00:00,BB0320,Daging Sapi (Empal),26,8,3,31,kg,2790000,1
2024-01-18 00:00:00,BB0367,Gula Pasir,20,2,16,6,kg,72000,1
2024-01-18 00:00:00,BB0586,Beras,100,25,101,24,kg,312000,1
2024-01-19 00:00:00,BB0769,Tomat,18,21,3,36,kg,360000,1
2024-01-19 00:00:00,BB0839,Gas LPG 3kg,38,46,37,47,tabung,987000,1
2024-01-19 00:00:00,BB0849,Bawang Merah,92,5,58,39,kg,975000,1
2024-01-19 00:00:00,BB0973,Teh Celup,98,19,55,62,bungkus,124000,1
2024-01-21 00:00:00,BB0076,Teh Celup,68,22,73,17,bungkus,34000,1
2024-01-21 00:00:00,BB0327,Saus Sambal,10,42,30,22,botol,220000,1
2024-01-21 00:00:00,BB0440,Daging Sapi (Empal),12,20,25,7,kg,630000,1
2024-01-21 00:00:00,BB0621,Cabe Merah,58,1,32,27,kg,810000,1
2024-01-22 00:00:00,BB0664,Jeruk Peras,68,26,47,47,kg,564000,1
2024-01-22 00:00:00,BB0758,Kentang,86,7,65,28,kg,280000,1
2024-01-22 00:00:00,BB0976,Bawang Putih,55,21,39,37,kg,814000,1
2024-01-23 00:00:00,BB0265,Wortel,88,25,41,72,kg,648000,1
2024-01-23 00:00:00,BB0322,Susu Kental Manis,66,12,49,29,kaleng,290000,1
2024-01-23 00:00:00,BB0533,Kol,73,47,49,71,kg,568000,1
2024-01-23 00:00:00,BB0848,Beras,95,27,76,46,kg,598000,1
2024-01-24 00:00:00,BB0239,Gula Pasir,90,39,32,97,kg,1164000,1
2024-01-24 00:00:00,BB0494,Mayones,5,16,12,9,botol,225000,1
2024-01-24 00:00:00,BB0737,Jeruk Peras,39,42,63,18,kg,216000,1
2024-01-25 00:00:00,BB0010,Ikan Gurame,85,0,8,77,kg,2695000,1
2024-01-25 00:00:00,BB0287,Susu Kental Manis,55,30,6,79,kaleng,790000,1
2024-01-25 00:00:00,BB0603,Ikan Gurame,83,1,36,48,kg,1680000,1
2024-01-26 00:00:00,BB0528,Saus Sambal,43,11,13,41,botol,410000,1
2024-01-27 00:00:00,BB0087,Tahu,79,24,93,10,buah,20000,1
2024-01-27 00:00:00,BB0236,Kentang,30,20,47,3,kg,30000,1
2024-01-27 00:00:00,BB0432,Saus Sambal,46,10,23,33,botol,330000,1
2024-01-27 00:00:00,BB0446,Garam,88,42,55,75,kg,375000,1
2024-01-28 00:00:00,BB0217,Ikan Nila,93,45,118,20,kg,560000,1
2024-01-28 00:00:00,BB0308,Nutrisari,74,2,28,48,sachet,72000,1
2024-01-28 00:00:00,BB0433,Gas LPG 3kg,26,20,16,30,tabung,630000,1
2024-01-28 00:00:00,BB0553,Daging Ayam,47,4,13,38,kg,1444000,1
2024-01-28 00:00:00,BB0801,Air Galon,21,28,36,13,galon,195000,1
2024-01-28 00:00:00,BB0981,Daging Ayam,66,0,46,20,kg,760000,1
2024-01-29 00:00:00,BB0673,Teh Celup,69,37,58,48,bungkus,96000,1
2024-01-30 00:00:00,BB0566,Nutrisari,26,9,31,4,sachet,6000,1
2024-01-30 00:00:00,BB0919,Susu Kental Manis,57,24,29,52,kaleng,520000,1
2024-01-30 00:00:00,BB0950,Tomat,12,28,34,6,kg,60000,1
2024-01-31 00:00:00,BB0305,Kentang,11,37,35,13,kg,130000,1
2024-02-01 00:00:00,BB0097,Tomat,45,28,46,27,kg,270000,2
2024-02-01 00:00:00,BB0832,Beras,86,37,66,57,kg,741000,2
2024-02-01 00:00:00,BB0944,Tempe,24,19,3,40,potong,120000,2
2024-02-02 00:00:00,BB0194,Kecap Manis,51,41,80,12,botol,144000,2
2024-02-02 00:00:00,BB0203,Bawang Putih,40,11,47,4,kg,88000,2
2024-02-02 00:00:00,BB0355,Telur Ayam,82,11,58,35,butir,70000,2
2024-02-02 00:00:00,BB0447,Nutrisari,12,20,12,20,sachet,30000,2
2024-02-03 00:00:00,BB0108,Kopi Bubuk,24,49,53,20,bungkus,100000,2
2024-02-03 00:00:00,BB0333,Gula Pasir,6,5,2,9,kg,108000,2
2024-02-04 00:00:00,BB0069,Kol,33,20,30,23,kg,184000,2
2024-02-04 00:00:00,BB0499,Nutrisari,94,47,133,8,sachet,12000,2
2024-02-05 00:00:00,BB0035,Kol,90,27,111,6,kg,48000,2
2024-02-05 00:00:00,BB0330,Air Galon,41,10,3,48,galon,720000,2
2024-02-05 00:00:00,BB0497,Kentang,20,15,0,35,kg,350000,2
2024-02-05 00:00:00,BB0786,Brokoli,92,10,27,75,kg,1125000,2
2024-02-05 00:00:00,BB0808,Nutrisari,87,35,69,53,sachet,79500,2
2024-02-05 00:00:00,BB0971,Nutrisari,83,38,94,27,sachet,40500,2
2024-02-06 00:00:00,BB0174,Bawang Merah,72,29,65,36,kg,900000,2
2024-02-07 00:00:00,BB0082,Tempe,74,17,80,11,potong,33000,2
2024-02-07 00:00:00,BB0389,Bawang Putih,25,28,19,34,kg,748000,2
2024-02-07 00:00:00,BB0467,Bawang Putih,40,28,41,27,kg,594000,2
2024-02-08 00:00:00,BB0050,Saus Sambal,44,25,41,28,botol,280000,2
2024-02-08 00:00:00,BB0460,Teh Celup,97,44,16,125,bungkus,250000,2
2024-02-08 00:00:00,BB0985,Bawang Merah,21,20,4,37,kg,925000,2
2024-02-09 00:00:00,BB0201,Kecap Manis,33,8,6,35,botol,420000,2
2024-02-09 00:00:00,BB0249,Daging Sapi (Empal),32,18,16,34,kg,3060000,2
2024-02-10 00:00:00,BB0438,Garam,88,38,100,26,kg,130000,2
2024-02-11 00:00:00,BB0013,Tomat,34,26,12,48,kg,480000,2
2024-02-11 00:00:00,BB0154,Gas LPG 3kg,72,12,38,46,tabung,966000,2
2024-02-11 00:00:00,BB0576,Air Galon,13,41,24,30,galon,450000,2
2024-02-11 00:00:00,BB0970,Susu Kental Manis,51,9,20,40,kaleng,400000,2
2024-02-12 00:00:00,BB0658,Gula Pasir,8,45,27,26,kg,312000,2
2024-02-13 00:00:00,BB0175,Gula Pasir,31,33,14,50,kg,600000,2
2024-02-13 00:00:00,BB0436,Jeruk Peras,34,20,22,32,kg,384000,2
2024-02-13 00:00:00,BB0795,Bawang Merah,76,46,27,95,kg,2375000,2
2024-02-13 00:00:00,BB0859,Cabe Merah,96,26,106,16,kg,480000,2
2024-02-14 00:00:00,BB0372,Telur Ayam,100,42,43,99,butir,198000,2
2024-02-14 00:00:00,BB0616,Telur Ayam,24,22,13,33,butir,66000,2
2024-02-15 00:00:00,BB0486,Cabe Merah,69,24,29,64,kg,1920000,2
2024-02-15 00:00:00,BB0650,Nutrisari,95,24,18,101,sachet,151500,2
2024-02-15 00:00:00,BB0663,Saus Sambal,47,15,46,16,botol,160000,2
2024-02-15 00:00:00,BB0881,Ikan Nila,51,6,27,30,kg,840000,2
2024-02-15 00:00:00,BB0913,Nutrisari,84,32,105,11,sachet,16500,2
2024-02-15 00:00:00,BB0918,Saus Sambal,77,5,20,62,botol,620000,2
2024-02-16 00:00:00,BB0556,Brokoli,57,44,73,28,kg,420000,2
2024-02-16 00:00:00,BB0777,Cabe Merah,57,14,5,66,kg,1980000,2
2024-02-17 00:00:00,BB0424,Air Galon,92,12,91,13,galon,195000,2
2024-02-17 00:00:00,BB0862,Tempe,89,25,73,41,potong,123000,2
2024-02-18 00:00:00,BB0228,Saus Sambal,57,42,93,6,botol,60000,2
2024-02-18 00:00:00,BB0420,Garam,74,10,58,26,kg,130000,2
2024-02-19 00:00:00,BB0092,Tahu,56,23,45,34,buah,68000,2
2024-02-19 00:00:00,BB0529,Cabe Rawit,94,42,8,128,kg,4096000,2
2024-02-19 00:00:00,BB0911,Cabe Merah,10,21,10,21,kg,630000,2
2024-02-20 00:00:00,BB0375,Minyak Goreng,89,31,43,77,liter,770000,2
2024-02-20 00:00:00,BB0471,Cabe Merah,90,40,18,112,kg,3360000,2
2024-02-20 00:00:00,BB0699,Kopi Bubuk,32,11,30,13,bungkus,65000,2
2024-02-20 00:00:00,BB0927,Tahu,22,7,28,1,buah,2000,2
2024-02-21 00:00:00,BB0002,Ikan Nila,65,16,20,61,kg,1708000,2
2024-02-21 00:00:00,BB0048,Tempe,84,4,2,86,potong,258000,2
2024-02-21 00:00:00,BB0106,Mayones,41,42,14,69,botol,1725000,2
2024-02-21 00:00:00,BB0388,Ikan Nila,35,22,26,31,kg,868000,2
2024-02-22 00:00:00,BB0384,Telur Ayam,87,49,78,58,butir,116000,2
2024-02-22 00:00:00,BB0483,Jeruk Peras,79,12,85,6,kg,72000,2
2024-02-22 00:00:00,BB0518,Daging Sapi (Empal),82,15,80,17,kg,1530000,2
2024-02-22 00:00:00,BB0700,Bawang Putih,81,49,101,29,kg,638000,2
2024-02-22 00:00:00,BB0738,Daging Ayam,16,40,34,22,kg,836000,2
2024-02-22 00:00:00,BB0935,Kol,89,2,36,55,kg,440000,2
2024-02-23 00:00:00,BB0272,Gas LPG 3kg,90,40,98,32,tabung,672000,2
2024-02-23 00:00:00,BB0599,Susu Kental Manis,73,38,48,63,kaleng,630000,2
2024-02-25 00:00:00,BB0081,Jeruk Peras,74,16,13,77,kg,924000,2
2024-02-25 00:00:00,BB0237,Kol,94,47,37,104,kg,832000,2
2024-02-26 00:00:00,BB0182,Ikan Nila,26,48,6,68,kg,1904000,2
2024-02-26 00:00:00,BB0377,Air Galon,84,34,59,59,galon,885000,2
2024-02-26 00:00:00,BB0534,Kentang,43,50,4,89,kg,890000,2
2024-02-26 00:00:00,BB0706,Mayones,69,17,54,32,botol,800000,2
2024-02-27 00:00:00,BB0062,Air Galon,86,50,6,130,galon,1950000,2
2024-02-28 00:00:00,BB0310,Bawang Putih,89,45,33,101,kg,2222000,2
2024-02-28 00:00:00,BB0506,Brokoli,78,48,119,7,kg,105000,2
2024-02-29 00:00:00,BB0058,Kentang,95,7,49,53,kg,530000,2
2024-02-29 00:00:00,BB0893,Kecap Manis,35,13,28,20,botol,240000,2
2024-03-01 00:00:00,BB0005,Susu Kental Manis,74,6,39,41,kaleng,410000,3
2024-03-01 00:00:00,BB0066,Kecap Manis,11,28,21,18,botol,216000,3
2024-03-01 00:00:00,BB0083,Ikan Gurame,53,47,79,21,kg,735000,3
2024-03-01 00:00:00,BB0732,Bawang Putih,79,20,78,21,kg,462000,3
2024-03-02 00:00:00,BB0612,Ikan Gurame,52,0,27,25,kg,875000,3
2024-03-03 00:00:00,BB0089,Garam,71,1,31,41,kg,205000,3
2024-03-04 00:00:00,BB0207,Teh Celup,65,36,58,43,bungkus,86000,3
2024-03-04 00:00:00,BB0279,Daging Sapi (Empal),77,45,64,58,kg,5220000,3
2024-03-04 00:00:00,BB0615,Nutrisari,61,50,46,65,sachet,97500,3
2024-03-04 00:00:00,BB0652,Jeruk Peras,77,14,78,13,kg,156000,3
2024-03-04 00:00:00,BB0926,Kentang,87,43,76,54,kg,540000,3
2024-03-05 00:00:00,BB0245,Mayones,38,9,35,12,botol,300000,3
2024-03-05 00:00:00,BB0600,Saus Sambal,54,45,80,19,botol,190000,3
2024-03-05 00:00:00,BB0669,Tempe,32,3,20,15,potong,45000,3
2024-03-05 00:00:00,BB0838,Telur Ayam,49,21,18,52,butir,104000,3
2024-03-05 00:00:00,BB0929,Cabe Rawit,60,39,31,68,kg,2176000,3
2024-03-06 00:00:00,BB0085,Air Galon,98,48,123,23,galon,345000,3
2024-03-06 00:00:00,BB0123,Gas LPG 3kg,51,25,34,42,tabung,882000,3
2024-03-06 00:00:00,BB0137,Wortel,84,13,15,82,kg,738000,3
2024-03-06 00:00:00,BB0521,Wortel,73,46,29,90,kg,810000,3
2024-03-06 00:00:00,BB0583,Garam,72,45,21,96,kg,480000,3
2024-03-06 00:00:00,BB0885,Daging Ayam,86,6,11,81,kg,3078000,3
2024-03-07 00:00:00,BB0031,Cabe Merah,33,26,14,45,kg,1350000,3
2024-03-07 00:00:00,BB0711,Tomat,12,4,3,13,kg,130000,3
2024-03-07 00:00:00,BB0782,Mayones,100,29,35,94,botol,2350000,3
2024-03-08 00:00:00,BB0090,Kentang,83,40,17,106,kg,1060000,3
2024-03-08 00:00:00,BB0136,Bawang Putih,65,24,16,73,kg,1606000,3
2024-03-08 00:00:00,BB0744,Susu Kental Manis,51,5,52,4,kaleng,40000,3
2024-03-08 00:00:00,BB0853,Kentang,20,46,23,43,kg,430000,3
2024-03-08 00:00:00,BB0902,Bawang Merah,36,42,44,34,kg,850000,3
2024-03-09 00:00:00,BB0295,Daging Ayam,53,47,84,16,kg,608000,3
2024-03-09 00:00:00,BB0500,Saus Sambal,80,49,21,108,botol,1080000,3
2024-03-09 00:00:00,BB0525,Gas LPG 3kg,10,9,15,4,tabung,84000,3
2024-03-10 00:00:00,BB0101,Garam,16,27,28,15,kg,75000,3
2024-03-10 00:00:00,BB0766,Kentang,22,45,15,52,kg,520000,3
2024-03-10 00:00:00,BB0940,Cabe Rawit,34,22,7,49,kg,1568000,3
2024-03-12 00:00:00,BB0373,Bawang Putih,79,36,3,112,kg,2464000,3
2024-03-13 00:00:00,BB0386,Kentang,99,0,28,71,kg,710000,3
2024-03-15 00:00:00,BB0151,Gula Pasir,30,42,41,31,kg,372000,3
2024-03-15 00:00:00,BB0414,Kol,71,0,28,43,kg,344000,3
2024-03-15 00:00:00,BB0504,Cabe Merah,15,37,48,4,kg,120000,3
2024-03-16 00:00:00,BB0115,Jeruk Peras,92,9,42,59,kg,708000,3
2024-03-16 00:00:00,BB0271,Minyak Goreng,13,21,11,23,liter,230000,3
2024-03-16 00:00:00,BB0727,Ikan Gurame,37,12,21,28,kg,980000,3
2024-03-17 00:00:00,BB0107,Garam,92,34,30,96,kg,480000,3
2024-03-17 00:00:00,BB0294,Brokoli,44,38,20,62,kg,930000,3
2024-03-17 00:00:00,BB0425,Kecap Manis,46,39,43,42,botol,504000,3
2024-03-17 00:00:00,BB0957,Jeruk Peras,82,6,86,2,kg,24000,3
2024-03-17 00:00:00,BB0962,Teh Celup,51,5,3,53,bungkus,106000,3
2024-03-18 00:00:00,BB0379,Kecap Manis,64,21,54,31,botol,372000,3
2024-03-18 00:00:00,BB0558,Saus Sambal,75,6,7,74,botol,740000,3
2024-03-19 00:00:00,BB0210,Gula Pasir,67,14,63,18,kg,216000,3
2024-03-19 00:00:00,BB0637,Teh Celup,34,3,23,14,bungkus,28000,3
2024-03-20 00:00:00,BB0257,Gula Pasir,93,10,51,52,kg,624000,3
2024-03-20 00:00:00,BB0392,Tahu,64,7,59,12,buah,24000,3
2024-03-20 00:00:00,BB0846,Teh Celup,35,28,53,10,bungkus,20000,3
2024-03-21 00:00:00,BB0113,Bawang Merah,31,15,39,7,kg,175000,3
2024-03-21 00:00:00,BB0841,Ikan Nila,36,48,59,25,kg,700000,3
2024-03-21 00:00:00,BB0858,Kentang,20,5,1,24,kg,240000,3
2024-03-21 00:00:00,BB0952,Gas LPG 3kg,96,6,93,9,tabung,189000,3
2024-03-21 00:00:00,BB0969,Tahu,93,7,9,91,buah,182000,3
2024-03-22 00:00:00,BB0555,Gas LPG 3kg,45,3,22,26,tabung,546000,3
2024-03-22 00:00:00,BB0734,Kecap Manis,95,36,114,17,botol,204000,3
2024-03-24 00:00:00,BB0413,Cabe Merah,61,45,51,55,kg,1650000,3
2024-03-24 00:00:00,BB0685,Ikan Lele,39,33,36,36,kg,900000,3
2024-03-25 00:00:00,BB0662,Ikan Gurame,75,5,38,42,kg,1470000,3
2024-03-25 00:00:00,BB0851,Bawang Putih,43,29,7,65,kg,1430000,3
2024-03-25 00:00:00,BB0900,Bawang Putih,41,44,14,71,kg,1562000,3
2024-03-25 00:00:00,BB0960,Gula Pasir,69,39,42,66,kg,792000,3
2024-03-26 00:00:00,BB0025,Wortel,60,27,84,3,kg,27000,3
2024-03-26 00:00:00,BB0276,Wortel,19,4,3,20,kg,180000,3
2024-03-27 00:00:00,BB0488,Jeruk Peras,43,0,26,17,kg,204000,3
2024-03-27 00:00:00,BB0557,Saus Sambal,43,30,67,6,botol,60000,3
2024-03-27 00:00:00,BB0772,Daging Sapi (Empal),10,10,7,13,kg,1170000,3
2024-03-28 00:00:00,BB0077,Beras,76,25,74,27,kg,351000,3
2024-03-28 00:00:00,BB0687,Kol,48,43,46,45,kg,360000,3
2024-03-28 00:00:00,BB0792,Air Galon,91,38,89,40,galon,600000,3
2024-03-29 00:00:00,BB0441,Minyak Goreng,20,5,0,25,liter,250000,3
2024-03-29 00:00:00,BB0507,Susu Kental Manis,98,41,47,92,kaleng,920000,3
2024-03-30 00:00:00,BB0574,Bawang Merah,17,48,59,6,kg,150000,3
2024-03-30 00:00:00,BB0992,Ikan Gurame,71,33,55,49,kg,1715000,3
2024-04-01 00:00:00,BB0931,Kecap Manis,90,27,113,4,botol,48000,4
2024-04-02 00:00:00,BB0307,Saus Sambal,64,36,34,66,botol,660000,4
2024-04-02 00:00:00,BB0901,Daging Ayam,5,6,8,3,kg,114000,4
2024-04-02 00:00:00,BB0903,Tomat,34,39,37,36,kg,360000,4
2024-04-03 00:00:00,BB0189,Tahu,44,9,39,14,buah,28000,4
2024-04-03 00:00:00,BB0380,Susu Kental Manis,61,45,75,31,kaleng,310000,4
2024-04-03 00:00:00,BB0784,Tempe,15,25,9,31,potong,93000,4
2024-04-04 00:00:00,BB0040,Saus Sambal,35,45,50,30,botol,300000,4
2024-04-04 00:00:00,BB0361,Kentang,32,9,29,12,kg,120000,4
2024-04-04 00:00:00,BB0496,Brokoli,97,33,91,39,kg,585000,4
2024-04-04 00:00:00,BB0837,Kecap Manis,34,9,2,41,botol,492000,4
2024-04-05 00:00:00,BB0326,Tempe,47,21,62,6,potong,18000,4
2024-04-05 00:00:00,BB0416,Cabe Rawit,79,50,22,107,kg,3424000,4
2024-04-05 00:00:00,BB0515,Kopi Bubuk,63,37,9,91,bungkus,455000,4
2024-04-06 00:00:00,BB0397,Beras,87,50,89,48,kg,624000,4
2024-04-06 00:00:00,BB0740,Mayones,14,13,8,19,botol,475000,4
2024-04-08 00:00:00,BB0247,Garam,25,4,16,13,kg,65000,4
2024-04-08 00:00:00,BB0755,Bawang Merah,57,14,63,8,kg,200000,4
2024-04-09 00:00:00,BB0243,Beras,51,19,26,44,kg,572000,4
2024-04-09 00:00:00,BB0378,Gula Pasir,53,35,17,71,kg,852000,4
2024-04-09 00:00:00,BB0526,Mayones,83,25,37,71,botol,1775000,4
2024-04-10 00:00:00,BB0056,Jeruk Peras,51,4,3,52,kg,624000,4
2024-04-10 00:00:00,BB0289,Garam,85,3,26,62,kg,310000,4
2024-04-10 00:00:00,BB0408,Susu Kental Manis,97,35,110,22,kaleng,220000,4
2024-04-10 00:00:00,BB0682,Saus Sambal,6,35,33,8,botol,80000,4
2024-04-10 00:00:00,BB0813,Saus Sambal,5,38,4,39,botol,390000,4
2024-04-11 00:00:00,BB0168,Ikan Lele,57,28,1,84,kg,2100000,4
2024-04-11 00:00:00,BB0292,Tahu,38,12,33,17,buah,34000,4
2024-04-11 00:00:00,BB0629,Ikan Lele,74,40,60,54,kg,1350000,4
2024-04-11 00:00:00,BB0723,Daging Sapi (Empal),51,26,73,4,kg,360000,4
2024-04-12 00:00:00,BB0314,Mayones,65,2,19,48,botol,1200000,4
2024-04-12 00:00:00,BB0527,Ikan Nila,9,38,21,26,kg,728000,4
2024-04-12 00:00:00,BB0707,Telur Ayam,62,25,11,76,butir,152000,4
2024-04-13 00:00:00,BB0690,Minyak Goreng,46,30,29,47,liter,470000,4
2024-04-14 00:00:00,BB0640,Bawang Putih,41,10,49,2,kg,44000,4
2024-04-15 00:00:00,BB0111,Nutrisari,36,13,7,42,sachet,63000,4
2024-04-15 00:00:00,BB0147,Saus Sambal,89,13,66,36,botol,360000,4
2024-04-15 00:00:00,BB0301,Tomat,28,40,9,59,kg,590000,4
2024-04-15 00:00:00,BB0654,Wortel,39,46,58,27,kg,243000,4
2024-04-15 00:00:00,BB0820,Tempe,89,4,50,43,potong,129000,4
2024-04-16 00:00:00,BB0018,Minyak Goreng,46,10,34,22,liter,220000,4
2024-04-16 00:00:00,BB0261,Beras,95,10,72,33,kg,429000,4
2024-04-17 00:00:00,BB0112,Tahu,40,5,16,29,buah,58000,4
2024-04-18 00:00:00,BB0034,Gula Pasir,83,5,72,16,kg,192000,4
2024-04-18 00:00:00,BB0075,Garam,43,28,10,61,kg,305000,4
2024-04-18 00:00:00,BB0588,Kentang,71,27,11,87,kg,870000,4
2024-04-19 00:00:00,BB0114,Susu Kental Manis,24,2,8,18,kaleng,180000,4
2024-04-19 00:00:00,BB0510,Wortel,79,2,30,51,kg,459000,4
2024-04-19 00:00:00,BB0830,Saus Sambal,38,28,61,5,botol,50000,4
2024-04-20 00:00:00,BB0164,Bawang Putih,53,34,39,48,kg,1056000,4
2024-04-20 00:00:00,BB0530,Daging Ayam,33,5,27,11,kg,418000,4
2024-04-20 00:00:00,BB0535,Bawang Putih,72,30,79,23,kg,506000,4
2024-04-20 00:00:00,BB0756,Wortel,56,11,4,63,kg,567000,4
2024-04-20 00:00:00,BB0930,Minyak Goreng,71,19,45,45,liter,450000,4
2024-04-21 00:00:00,BB0023,Air Galon,37,14,19,32,galon,480000,4
2024-04-22 00:00:00,BB0055,Ikan Gurame,15,14,12,17,kg,595000,4
2024-04-22 00:00:00,BB0232,Kentang,77,43,73,47,kg,470000,4
2024-04-23 00:00:00,BB0131,Ikan Nila,63,42,52,53,kg,1484000,4
2024-04-23 00:00:00,BB0681,Gula Pasir,47,37,72,12,kg,144000,4
2024-04-23 00:00:00,BB0692,Nutrisari,69,17,65,21,sachet,31500,4
2024-04-24 00:00:00,BB0346,Beras,25,4,18,11,kg,143000,4
2024-04-25 00:00:00,BB0095,Tempe,14,18,11,21,potong,63000,4
2024-04-25 00:00:00,BB0909,Kol,55,31,21,65,kg,520000,4
2024-04-26 00:00:00,BB0235,Bawang Merah,82,27,21,88,kg,2200000,4
2024-04-26 00:00:00,BB0542,Cabe Merah,71,12,69,14,kg,420000,4
2024-04-26 00:00:00,BB0799,Tempe,77,50,120,7,potong,21000,4
2024-04-27 00:00:00,BB0019,Telur Ayam,54,43,81,16,butir,32000,4
2024-04-27 00:00:00,BB0080,Tempe,43,41,59,25,potong,75000,4
2024-04-27 00:00:00,BB0730,Daging Ayam,22,19,37,4,kg,152000,4
2024-04-27 00:00:00,BB0928,Kopi Bubuk,50,23,35,38,bungkus,190000,4
2024-04-28 00:00:00,BB0309,Jeruk Peras,75,33,52,56,kg,672000,4
2024-04-28 00:00:00,BB0458,Kol,35,24,18,41,kg,328000,4
2024-04-29 00:00:00,BB0262,Ikan Lele,39,36,3,72,kg,1800000,4
2024-04-29 00:00:00,BB0382,Ikan Lele,22,23,9,36,kg,900000,4
2024-04-29 00:00:00,BB0705,Cabe Merah,70,10,34,46,kg,1380000,4
2024-04-30 00:00:00,BB0686,Susu Kental Manis,90,45,54,81,kaleng,810000,4
2024-04-30 00:00:00,BB0975,Garam,73,29,70,32,kg,160000,4
2024-05-01 00:00:00,BB0036,Kentang,68,24,13,79,kg,790000,5
2024-05-01 00:00:00,BB0709,Telur Ayam,49,23,38,34,butir,68000,5
2024-05-02 00:00:00,BB0411,Susu Kental Manis,14,7,2,19,kaleng,190000,5
2024-05-02 00:00:00,BB0443,Cabe Rawit,84,47,85,46,kg,1472000,5
2024-05-02 00:00:00,BB0868,Kol,35,2,36,1,kg,8000,5
2024-05-03 00:00:00,BB0043,Gas LPG 3kg,79,24,89,14,tabung,294000,5
2024-05-03 00:00:00,BB0702,Bawang Putih,23,0,14,9,kg,198000,5
2024-05-03 00:00:00,BB0722,Air Galon,60,27,19,68,galon,1020000,5
2024-05-04 00:00:00,BB0762,Wortel,5,6,6,5,kg,45000,5
2024-05-04 00:00:00,BB0974,Cabe Rawit,63,7,59,11,kg,352000,5
2024-05-05 00:00:00,BB0476,Cabe Merah,56,40,35,61,kg,1830000,5
2024-05-05 00:00:00,BB0577,Minyak Goreng,53,39,1,91,liter,910000,5
2024-05-06 00:00:00,BB0022,Telur Ayam,60,50,88,22,butir,44000,5
2024-05-06 00:00:00,BB0051,Gas LPG 3kg,60,48,55,53,tabung,1113000,5
2024-05-06 00:00:00,BB0109,Kentang,55,29,80,4,kg,40000,5
2024-05-06 00:00:00,BB0863,Beras,63,13,19,57,kg,741000,5
2024-05-08 00:00:00,BB0241,Gula Pasir,49,12,6,55,kg,660000,5
2024-05-10 00:00:00,BB0487,Kentang,32,34,43,23,kg,230000,5
2024-05-10 00:00:00,BB0591,Ikan Lele,79,49,127,1,kg,25000,5
2024-05-10 00:00:00,BB0739,Mayones,60,33,31,62,botol,1550000,5
2024-05-10 00:00:00,BB0746,Ikan Lele,12,23,2,33,kg,825000,5
2024-05-11 00:00:00,BB0369,Cabe Merah,24,12,32,4,kg,120000,5
2024-05-11 00:00:00,BB0427,Kol,7,18,25,0,kg,0,5
2024-05-11 00:00:00,BB0613,Telur Ayam,75,46,27,94,butir,188000,5
2024-05-12 00:00:00,BB0370,Jeruk Peras,57,47,50,54,kg,648000,5
2024-05-12 00:00:00,BB0491,Susu Kental Manis,91,16,11,96,kaleng,960000,5
2024-05-12 00:00:00,BB0823,Mayones,77,30,38,69,botol,1725000,5
2024-05-12 00:00:00,BB0939,Cabe Merah,83,15,53,45,kg,1350000,5
2024-05-15 00:00:00,BB0078,Kecap Manis,52,38,24,66,botol,792000,5
2024-05-15 00:00:00,BB0105,Saus Sambal,23,27,10,40,botol,400000,5
2024-05-15 00:00:00,BB0325,Brokoli,19,31,4,46,kg,690000,5
2024-05-15 00:00:00,BB0332,Gas LPG 3kg,43,13,24,32,tabung,672000,5
2024-05-15 00:00:00,BB0387,Jeruk Peras,12,5,2,15,kg,180000,5
2024-05-15 00:00:00,BB0718,Tomat,21,2,3,20,kg,200000,5
2024-05-17 00:00:00,BB0205,Gas LPG 3kg,74,37,48,63,tabung,1323000,5
2024-05-17 00:00:00,BB0259,Susu Kental Manis,42,5,6,41,kaleng,410000,5
2024-05-17 00:00:00,BB0631,Ikan Nila,83,23,34,72,kg,2016000,5
2024-05-17 00:00:00,BB0731,Gula Pasir,98,13,0,111,kg,1332000,5
2024-05-18 00:00:00,BB0042,Mayones,27,3,8,22,botol,550000,5
2024-05-18 00:00:00,BB0480,Beras,5,23,21,7,kg,91000,5
2024-05-18 00:00:00,BB0594,Cabe Rawit,38,27,48,17,kg,544000,5
2024-05-18 00:00:00,BB0802,Bawang Putih,17,32,47,2,kg,44000,5
2024-05-19 00:00:00,BB0450,Tempe,96,2,30,68,potong,204000,5
2024-05-20 00:00:00,BB0224,Teh Celup,97,20,64,53,bungkus,106000,5
2024-05-20 00:00:00,BB0768,Bawang Merah,46,33,40,39,kg,975000,5
2024-05-20 00:00:00,BB0776,Ikan Lele,14,34,40,8,kg,200000,5
2024-05-21 00:00:00,BB0091,Ikan Nila,76,37,46,67,kg,1876000,5
2024-05-21 00:00:00,BB0251,Cabe Rawit,89,50,37,102,kg,3264000,5
2024-05-21 00:00:00,BB0778,Tomat,82,37,40,79,kg,790000,5
2024-05-22 00:00:00,BB0677,Ikan Gurame,47,27,7,67,kg,2345000,5
2024-05-23 00:00:00,BB0544,Bawang Putih,59,17,28,48,kg,1056000,5
2024-05-24 00:00:00,BB0065,Susu Kental Manis,43,43,55,31,kaleng,310000,5
2024-05-24 00:00:00,BB0625,Jeruk Peras,14,26,34,6,kg,72000,5
2024-05-24 00:00:00,BB0852,Cabe Merah,77,32,105,4,kg,120000,5
2024-05-25 00:00:00,BB0907,Daging Sapi (Empal),33,36,36,33,kg,2970000,5
2024-05-26 00:00:00,BB0063,Garam,19,26,13,32,kg,160000,5
2024-05-27 00:00:00,BB0532,Garam,70,11,33,48,kg,240000,5
2024-05-28 00:00:00,BB0368,Kecap Manis,8,44,1,51,botol,612000,5
2024-05-28 00:00:00,BB0407,Cabe Rawit,80,9,3,86,kg,2752000,5
2024-05-29 00:00:00,BB0028,Cabe Rawit,46,46,46,46,kg,1472000,5
2024-05-29 00:00:00,BB0248,Cabe Rawit,26,0,19,7,kg,224000,5
2024-05-29 00:00:00,BB0477,Daging Ayam,51,17,64,4,kg,152000,5
2024-05-30 00:00:00,BB0385,Tempe,53,23,21,55,potong,165000,5
2024-05-30 00:00:00,BB0617,Bawang Merah,75,0,14,61,kg,1525000,5
2024-05-31 00:00:00,BB0315,Gula Pasir,67,13,8,72,kg,864000,5
2024-05-31 00:00:00,BB0551,Gas LPG 3kg,28,9,14,23,tabung,483000,5
2024-05-31 00:00:00,BB0729,Bawang Putih,55,27,19,63,kg,1386000,5
2024-05-31 00:00:00,BB0917,Kecap Manis,73,19,80,12,botol,144000,5
2024-06-01 00:00:00,BB0246,Kol,98,21,25,94,kg,752000,6
2024-06-01 00:00:00,BB0400,Jeruk Peras,84,3,36,51,kg,612000,6
2024-06-01 00:00:00,BB0818,Tomat,44,2,29,17,kg,170000,6
2024-06-01 00:00:00,BB0993,Cabe Merah,98,9,69,38,kg,1140000,6
2024-06-02 00:00:00,BB0017,Mayones,82,38,103,17,botol,425000,6
2024-06-02 00:00:00,BB0030,Bawang Merah,59,9,66,2,kg,50000,6
2024-06-02 00:00:00,BB0656,Ikan Gurame,53,36,83,6,kg,210000,6
2024-06-03 00:00:00,BB0026,Gas LPG 3kg,65,26,30,61,tabung,1281000,6
2024-06-03 00:00:00,BB0306,Nutrisari,20,38,23,35,sachet,52500,6
2024-06-03 00:00:00,BB0657,Kentang,56,27,3,80,kg,800000,6
2024-06-03 00:00:00,BB0991,Cabe Merah,26,13,14,25,kg,750000,6
2024-06-04 00:00:00,BB0465,Daging Sapi (Empal),20,21,34,7,kg,630000,6
2024-06-04 00:00:00,BB0694,Mayones,81,1,14,68,botol,1700000,6
2024-06-04 00:00:00,BB0856,Gas LPG 3kg,91,37,58,70,tabung,1470000,6
2024-06-05 00:00:00,BB0461,Air Galon,6,32,29,9,galon,135000,6
2024-06-05 00:00:00,BB0645,Tomat,93,33,76,50,kg,500000,6
2024-06-06 00:00:00,BB0135,Nutrisari,57,39,13,83,sachet,124500,6
2024-06-06 00:00:00,BB0328,Air Galon,7,15,9,13,galon,195000,6
2024-06-06 00:00:00,BB0689,Jeruk Peras,14,14,15,13,kg,156000,6
2024-06-07 00:00:00,BB0288,Brokoli,29,48,76,1,kg,15000,6
2024-06-07 00:00:00,BB0419,Teh Celup,80,41,44,77,bungkus,154000,6
2024-06-07 00:00:00,BB0672,Garam,82,42,37,87,kg,435000,6
2024-06-07 00:00:00,BB0850,Saus Sambal,85,45,22,108,botol,1080000,6
2024-06-07 00:00:00,BB0872,Tempe,74,49,89,34,potong,102000,6
2024-06-08 00:00:00,BB0053,Kecap Manis,25,49,41,33,botol,396000,6
2024-06-09 00:00:00,BB0166,Saus Sambal,82,17,14,85,botol,850000,6
2024-06-09 00:00:00,BB0878,Tempe,97,39,32,104,potong,312000,6
2024-06-10 00:00:00,BB0229,Ikan Lele,39,24,20,43,kg,1075000,6
2024-06-10 00:00:00,BB0463,Minyak Goreng,18,10,28,0,liter,0,6
2024-06-11 00:00:00,BB0126,Kol,51,23,37,37,kg,296000,6
2024-06-11 00:00:00,BB0185,Kentang,84,23,43,64,kg,640000,6
2024-06-12 00:00:00,BB0027,Garam,69,14,29,54,kg,270000,6
2024-06-12 00:00:00,BB0073,Ikan Lele,37,24,61,0,kg,0,6
2024-06-12 00:00:00,BB0120,Ikan Nila,82,38,117,3,kg,84000,6
2024-06-13 00:00:00,BB0273,Jeruk Peras,62,27,81,8,kg,96000,6
2024-06-14 00:00:00,BB0054,Mayones,38,36,15,59,botol,1475000,6
2024-06-14 00:00:00,BB0357,Mayones,31,23,21,33,botol,825000,6
2024-06-14 00:00:00,BB0666,Air Galon,21,42,56,7,galon,105000,6
2024-06-15 00:00:00,BB0196,Ikan Nila,74,30,71,33,kg,924000,6
2024-06-15 00:00:00,BB0208,Brokoli,6,21,26,1,kg,15000,6
2024-06-15 00:00:00,BB0710,Telur Ayam,35,29,19,45,butir,90000,6
2024-06-15 00:00:00,BB0877,Cabe Rawit,44,3,37,10,kg,320000,6
2024-06-16 00:00:00,BB0049,Ikan Lele,45,0,3,42,kg,1050000,6
2024-06-16 00:00:00,BB0323,Ikan Lele,52,26,76,2,kg,50000,6
2024-06-16 00:00:00,BB0580,Gula Pasir,73,25,89,9,kg,108000,6
2024-06-16 00:00:00,BB0639,Nutrisari,99,41,117,23,sachet,34500,6
2024-06-16 00:00:00,BB0701,Susu Kental Manis,68,49,83,34,kaleng,340000,6
2024-06-17 00:00:00,BB0800,Kentang,32,16,23,25,kg,250000,6
2024-06-18 00:00:00,BB0172,Kol,80,30,15,95,kg,760000,6
2024-06-18 00:00:00,BB0538,Tahu,57,5,61,1,buah,2000,6
2024-06-18 00:00:00,BB0759,Tahu,8,43,1,50,buah,100000,6
2024-06-18 00:00:00,BB0956,Telur Ayam,93,31,85,39,butir,78000,6
2024-06-19 00:00:00,BB0084,Jeruk Peras,82,21,27,76,kg,912000,6
2024-06-19 00:00:00,BB0211,Minyak Goreng,44,30,49,25,liter,250000,6
2024-06-19 00:00:00,BB0787,Tomat,8,39,7,40,kg,400000,6
2024-06-19 00:00:00,BB0932,Bawang Merah,76,14,15,75,kg,1875000,6
2024-06-19 00:00:00,BB0967,Minyak Goreng,29,32,22,39,liter,390000,6
2024-06-20 00:00:00,BB0670,Wortel,66,29,68,27,kg,243000,6
2024-06-20 00:00:00,BB0791,Air Galon,40,11,23,28,galon,420000,6
2024-06-21 00:00:00,BB0198,Ikan Lele,62,2,24,40,kg,1000000,6
2024-06-21 00:00:00,BB0230,Garam,5,22,24,3,kg,15000,6
2024-06-21 00:00:00,BB0234,Ikan Nila,94,10,102,2,kg,56000,6
2024-06-21 00:00:00,BB0297,Tempe,67,49,89,27,potong,81000,6
2024-06-21 00:00:00,BB0409,Minyak Goreng,85,31,44,72,liter,720000,6
2024-06-22 00:00:00,BB0045,Kopi Bubuk,75,28,29,74,bungkus,370000,6
2024-06-22 00:00:00,BB0278,Garam,14,4,13,5,kg,25000,6
2024-06-22 00:00:00,BB0653,Teh Celup,76,32,47,61,bungkus,122000,6
2024-06-22 00:00:00,BB0923,Kentang,27,21,26,22,kg,220000,6
2024-06-23 00:00:00,BB0004,Garam,76,9,3,82,kg,410000,6
2024-06-23 00:00:00,BB0479,Kol,80,17,46,51,kg,408000,6
2024-06-23 00:00:00,BB0887,Kentang,69,26,76,19,kg,190000,6
2024-06-23 00:00:00,BB0905,Cabe Merah,64,18,48,34,kg,1020000,6
2024-06-24 00:00:00,BB0626,Kopi Bubuk,25,27,38,14,bungkus,70000,6
2024-06-24 00:00:00,BB0747,Air Galon,96,8,44,60,galon,900000,6
2024-06-24 00:00:00,BB0847,Tahu,76,28,48,56,buah,112000,6
2024-06-24 00:00:00,BB0979,Jeruk Peras,36,9,28,17,kg,204000,6
2024-06-25 00:00:00,BB0012,Tempe,48,23,32,39,potong,117000,6
2024-06-25 00:00:00,BB0186,Ikan Gurame,8,35,41,2,kg,70000,6
2024-06-25 00:00:00,BB0199,Cabe Merah,51,26,45,32,kg,960000,6
2024-06-25 00:00:00,BB0536,Teh Celup,66,11,69,8,bungkus,16000,6
2024-06-25 00:00:00,BB0842,Ikan Nila,23,5,12,16,kg,448000,6
2024-06-25 00:00:00,BB0844,Air Galon,29,34,14,49,galon,735000,6
2024-06-25 00:00:00,BB0951,Susu Kental Manis,26,27,40,13,kaleng,130000,6
2024-06-25 00:00:00,BB0953,Daging Sapi (Empal),47,34,18,63,kg,5670000,6
2024-06-26 00:00:00,BB0219,Bawang Merah,46,25,49,22,kg,550000,6
2024-06-26 00:00:00,BB0437,Daging Sapi (Empal),36,43,1,78,kg,7020000,6
2024-06-26 00:00:00,BB0468,Kol,14,12,5,21,kg,168000,6
2024-06-26 00:00:00,BB0579,Gula Pasir,17,46,46,17,kg,204000,6
2024-06-26 00:00:00,BB0764,Tomat,81,43,91,33,kg,330000,6
2024-06-26 00:00:00,BB0803,Brokoli,11,14,13,12,kg,180000,6
2024-06-26 00:00:00,BB0910,Kol,58,26,60,24,kg,192000,6
2024-06-27 00:00:00,BB0214,Beras,59,25,19,65,kg,845000,6
2024-06-27 00:00:00,BB0383,Bawang Merah,41,35,29,47,kg,1175000,6
2024-06-27 00:00:00,BB0704,Brokoli,21,44,2,63,kg,945000,6
2024-06-29 00:00:00,BB0543,Minyak Goreng,85,16,56,45,liter,450000,6
2024-06-29 00:00:00,BB0655,Daging Ayam,87,36,34,89,kg,3382000,6
2024-06-29 00:00:00,BB0671,Gas LPG 3kg,81,46,115,12,tabung,252000,6
2024-06-30 00:00:00,BB0119,Tahu,48,0,26,22,buah,44000,6
2024-06-30 00:00:00,BB0220,Brokoli,69,32,93,8,kg,120000,6
2024-06-30 00:00:00,BB0422,Saus Sambal,55,3,33,25,botol,250000,6
2024-06-30 00:00:00,BB0606,Daging Ayam,73,4,34,43,kg,1634000,6
2024-06-30 00:00:00,BB0780,Gas LPG 3kg,85,19,58,46,tabung,966000,6
2024-06-30 00:00:00,BB0977,Kopi Bubuk,16,35,43,8,bungkus,40000,6
2024-07-01 00:00:00,BB0067,Kecap Manis,25,17,14,28,botol,336000,7
2024-07-01 00:00:00,BB0222,Telur Ayam,11,37,9,39,butir,78000,7
2024-07-01 00:00:00,BB0493,Wortel,30,29,35,24,kg,216000,7
2024-07-01 00:00:00,BB0807,Gula Pasir,17,25,19,23,kg,276000,7
2024-07-02 00:00:00,BB0282,Wortel,25,16,13,28,kg,252000,7
2024-07-02 00:00:00,BB0475,Mayones,27,42,10,59,botol,1475000,7
2024-07-02 00:00:00,BB0798,Air Galon,24,5,25,4,galon,60000,7
2024-07-03 00:00:00,BB0193,Teh Celup,74,41,25,90,bungkus,180000,7
2024-07-03 00:00:00,BB0255,Mayones,30,3,15,18,botol,450000,7
2024-07-04 00:00:00,BB0039,Kentang,23,9,29,3,kg,30000,7
2024-07-04 00:00:00,BB0086,Tempe,73,47,114,6,potong,18000,7
2024-07-04 00:00:00,BB0179,Beras,54,33,40,47,kg,611000,7
2024-07-04 00:00:00,BB0459,Susu Kental Manis,48,43,76,15,kaleng,150000,7
2024-07-04 00:00:00,BB0855,Ikan Nila,81,11,92,0,kg,0,7
2024-07-05 00:00:00,BB0047,Telur Ayam,92,36,48,80,butir,160000,7
2024-07-05 00:00:00,BB0096,Minyak Goreng,60,4,57,7,liter,70000,7
2024-07-05 00:00:00,BB0281,Ikan Nila,26,41,0,67,kg,1876000,7
2024-07-05 00:00:00,BB0300,Jeruk Peras,84,5,72,17,kg,204000,7
2024-07-05 00:00:00,BB0757,Minyak Goreng,82,18,72,28,liter,280000,7
2024-07-06 00:00:00,BB0098,Gula Pasir,18,41,46,13,kg,156000,7
2024-07-06 00:00:00,BB0894,Ikan Lele,100,44,28,116,kg,2900000,7
2024-07-07 00:00:00,BB0761,Bawang Merah,16,27,42,1,kg,25000,7
2024-07-07 00:00:00,BB0948,Gula Pasir,5,6,5,6,kg,72000,7
2024-07-08 00:00:00,BB0160,Tomat,68,38,44,62,kg,620000,7
2024-07-08 00:00:00,BB0445,Saus Sambal,67,38,31,74,botol,740000,7
2024-07-08 00:00:00,BB0602,Ikan Nila,27,46,42,31,kg,868000,7
2024-07-08 00:00:00,BB0745,Daging Ayam,27,33,4,56,kg,2128000,7
2024-07-09 00:00:00,BB0748,Ikan Gurame,55,18,32,41,kg,1435000,7
2024-07-10 00:00:00,BB0011,Ikan Nila,77,25,37,65,kg,1820000,7
2024-07-10 00:00:00,BB0146,Air Galon,87,21,79,29,galon,435000,7
2024-07-10 00:00:00,BB0374,Ikan Nila,74,21,21,74,kg,2072000,7
2024-07-10 00:00:00,BB0598,Ikan Lele,42,26,50,18,kg,450000,7
2024-07-11 00:00:00,BB0015,Ikan Gurame,91,17,36,72,kg,2520000,7
2024-07-11 00:00:00,BB0127,Beras,12,4,6,10,kg,130000,7
2024-07-12 00:00:00,BB0088,Daging Ayam,38,8,44,2,kg,76000,7
2024-07-12 00:00:00,BB0128,Tahu,67,37,93,11,buah,22000,7
2024-07-12 00:00:00,BB0684,Beras,84,40,1,123,kg,1599000,7
2024-07-13 00:00:00,BB0303,Garam,32,46,10,68,kg,340000,7
2024-07-13 00:00:00,BB0790,Brokoli,93,3,60,36,kg,540000,7
2024-07-13 00:00:00,BB0794,Wortel,23,16,33,6,kg,54000,7
2024-07-14 00:00:00,BB0117,Ikan Gurame,75,12,36,51,kg,1785000,7
2024-07-14 00:00:00,BB0584,Kopi Bubuk,87,13,90,10,bungkus,50000,7
2024-07-14 00:00:00,BB0770,Kecap Manis,16,41,5,52,botol,624000,7
2024-07-14 00:00:00,BB0867,Susu Kental Manis,45,15,37,23,kaleng,230000,7
2024-07-15 00:00:00,BB0037,Daging Sapi (Empal),73,7,3,77,kg,6930000,7
2024-07-15 00:00:00,BB0071,Nutrisari,5,42,43,4,sachet,6000,7
2024-07-15 00:00:00,BB0202,Ikan Lele,15,19,15,19,kg,475000,7
2024-07-15 00:00:00,BB0634,Wortel,35,50,1,84,kg,756000,7
2024-07-15 00:00:00,BB0958,Mayones,10,19,1,28,botol,700000,7
2024-07-15 00:00:00,BB0990,Tomat,61,36,49,48,kg,480000,7
2024-07-16 00:00:00,BB0454,Ikan Lele,27,26,17,36,kg,900000,7
2024-07-16 00:00:00,BB0611,Saus Sambal,49,27,16,60,botol,600000,7
2024-07-19 00:00:00,BB0167,Brokoli,28,5,28,5,kg,75000,7
2024-07-19 00:00:00,BB0431,Tahu,34,0,30,4,buah,8000,7
2024-07-20 00:00:00,BB0163,Garam,56,11,23,44,kg,220000,7
2024-07-20 00:00:00,BB0264,Kopi Bubuk,5,38,2,41,bungkus,205000,7
2024-07-20 00:00:00,BB0296,Teh Celup,27,14,16,25,bungkus,50000,7
2024-07-20 00:00:00,BB0575,Daging Sapi (Empal),71,25,88,8,kg,720000,7
2024-07-20 00:00:00,BB0781,Minyak Goreng,60,20,17,63,liter,630000,7
2024-07-21 00:00:00,BB0404,Nutrisari,7,28,19,16,sachet,24000,7
2024-07-21 00:00:00,BB0546,Bawang Merah,39,23,48,14,kg,350000,7
2024-07-21 00:00:00,BB0742,Kentang,57,35,21,71,kg,710000,7
2024-07-22 00:00:00,BB0415,Susu Kental Manis,21,50,62,9,kaleng,90000,7
2024-07-22 00:00:00,BB0428,Bawang Putih,44,48,9,83,kg,1826000,7
2024-07-22 00:00:00,BB0550,Jeruk Peras,56,21,13,64,kg,768000,7
2024-07-23 00:00:00,BB0094,Tahu,23,19,36,6,buah,12000,7
2024-07-23 00:00:00,BB0324,Brokoli,63,22,78,7,kg,105000,7
2024-07-23 00:00:00,BB0351,Bawang Putih,91,41,79,53,kg,1166000,7
2024-07-24 00:00:00,BB0183,Bawang Merah,86,43,2,127,kg,3175000,7
2024-07-25 00:00:00,BB0498,Tahu,15,5,13,7,buah,14000,7
2024-07-25 00:00:00,BB0817,Wortel,30,32,10,52,kg,468000,7
2024-07-26 00:00:00,BB0429,Cabe Rawit,99,40,103,36,kg,1152000,7
2024-07-26 00:00:00,BB0448,Wortel,31,3,24,10,kg,90000,7
2024-07-26 00:00:00,BB0679,Ikan Nila,91,19,80,30,kg,840000,7
2024-07-26 00:00:00,BB0788,Kentang,97,33,100,30,kg,300000,7
2024-07-27 00:00:00,BB0938,Brokoli,55,6,25,36,kg,540000,7
2024-07-28 00:00:00,BB0943,Garam,14,4,17,1,kg,5000,7
2024-07-29 00:00:00,BB0293,Gula Pasir,63,0,56,7,kg,84000,7
2024-07-29 00:00:00,BB0889,Tempe,54,36,81,9,potong,27000,7
2024-07-30 00:00:00,BB0495,Susu Kental Manis,73,39,7,105,kaleng,1050000,7
2024-07-30 00:00:00,BB0765,Bawang Merah,50,21,2,69,kg,1725000,7
2024-07-30 00:00:00,BB0783,Garam,5,22,6,21,kg,105000,7
2024-07-31 00:00:00,BB0516,Gas LPG 3kg,62,42,66,38,tabung,798000,7
2024-07-31 00:00:00,BB0674,Kecap Manis,16,12,1,27,botol,324000,7
2024-07-31 00:00:00,BB0676,Air Galon,77,5,36,46,galon,690000,7
2024-07-31 00:00:00,BB0717,Saus Sambal,12,8,6,14,botol,140000,7
2024-08-01 00:00:00,BB0184,Jeruk Peras,10,26,3,33,kg,396000,8
2024-08-01 00:00:00,BB0874,Gas LPG 3kg,36,27,54,9,tabung,189000,8
2024-08-02 00:00:00,BB0152,Garam,6,9,4,11,kg,55000,8
2024-08-02 00:00:00,BB0793,Garam,49,18,38,29,kg,145000,8
2024-08-03 00:00:00,BB0038,Daging Ayam,7,14,16,5,kg,190000,8
2024-08-03 00:00:00,BB0099,Daging Sapi (Empal),71,16,30,57,kg,5130000,8
2024-08-03 00:00:00,BB0157,Kol,48,21,57,12,kg,96000,8
2024-08-03 00:00:00,BB0244,Jeruk Peras,34,21,37,18,kg,216000,8
2024-08-03 00:00:00,BB0283,Telur Ayam,7,14,13,8,butir,16000,8
2024-08-03 00:00:00,BB0329,Saus Sambal,100,43,105,38,botol,380000,8
2024-08-03 00:00:00,BB0554,Tahu,83,0,66,17,buah,34000,8
2024-08-03 00:00:00,BB0873,Cabe Merah,88,16,66,38,kg,1140000,8
2024-08-04 00:00:00,BB0014,Minyak Goreng,77,34,72,39,liter,390000,8
2024-08-04 00:00:00,BB0402,Teh Celup,91,22,50,63,bungkus,126000,8
2024-08-04 00:00:00,BB0569,Minyak Goreng,96,5,24,77,liter,770000,8
2024-08-04 00:00:00,BB0715,Kentang,48,46,20,74,kg,740000,8
2024-08-05 00:00:00,BB0170,Air Galon,45,4,44,5,galon,75000,8
2024-08-05 00:00:00,BB0349,Mayones,18,37,34,21,botol,525000,8
2024-08-06 00:00:00,BB0505,Ikan Gurame,90,8,3,95,kg,3325000,8
2024-08-06 00:00:00,BB0589,Teh Celup,18,18,23,13,bungkus,26000,8
2024-08-06 00:00:00,BB0891,Kol,68,13,8,73,kg,584000,8
2024-08-06 00:00:00,BB0954,Bawang Merah,77,50,118,9,kg,225000,8
2024-08-07 00:00:00,BB0511,Beras,98,6,37,67,kg,871000,8
2024-08-08 00:00:00,BB0242,Jeruk Peras,32,11,34,9,kg,108000,8
2024-08-08 00:00:00,BB0513,Kecap Manis,64,25,15,74,botol,888000,8
2024-08-08 00:00:00,BB0531,Kopi Bubuk,72,1,27,46,bungkus,230000,8
2024-08-08 00:00:00,BB0564,Beras,16,32,48,0,kg,0,8
2024-08-09 00:00:00,BB0006,Tomat,49,6,39,16,kg,160000,8
2024-08-09 00:00:00,BB0338,Tahu,36,15,8,43,buah,86000,8
2024-08-09 00:00:00,BB0474,Brokoli,27,3,17,13,kg,195000,8
2024-08-09 00:00:00,BB0572,Susu Kental Manis,61,36,32,65,kaleng,650000,8
2024-08-10 00:00:00,BB0144,Kecap Manis,19,29,13,35,botol,420000,8
2024-08-10 00:00:00,BB0478,Tomat,81,46,127,0,kg,0,8
2024-08-10 00:00:00,BB0698,Bawang Merah,87,33,6,114,kg,2850000,8
2024-08-10 00:00:00,BB0812,Saus Sambal,98,43,31,110,botol,1100000,8
2024-08-11 00:00:00,BB0169,Kol,45,30,32,43,kg,344000,8
2024-08-11 00:00:00,BB0470,Minyak Goreng,78,42,113,7,liter,70000,8
2024-08-11 00:00:00,BB0630,Gas LPG 3kg,11,25,28,8,tabung,168000,8
2024-08-11 00:00:00,BB0890,Minyak Goreng,68,0,22,46,liter,460000,8
2024-08-12 00:00:00,BB0155,Saus Sambal,41,40,54,27,botol,270000,8
2024-08-12 00:00:00,BB0267,Telur Ayam,14,11,15,10,butir,20000,8
2024-08-12 00:00:00,BB0268,Ikan Nila,72,49,104,17,kg,476000,8
2024-08-12 00:00:00,BB0519,Tahu,14,45,6,53,buah,106000,8
2024-08-12 00:00:00,BB0549,Ikan Nila,84,50,79,55,kg,1540000,8
2024-08-12 00:00:00,BB0619,Kopi Bubuk,98,3,55,46,bungkus,230000,8
2024-08-12 00:00:00,BB0643,Garam,85,4,1,88,kg,440000,8
2024-08-12 00:00:00,BB0644,Gula Pasir,50,11,32,29,kg,348000,8
2024-08-13 00:00:00,BB0821,Brokoli,44,43,64,23,kg,345000,8
2024-08-14 00:00:00,BB0449,Teh Celup,95,3,94,4,bungkus,8000,8
2024-08-14 00:00:00,BB0774,Teh Celup,88,23,85,26,bungkus,52000,8
2024-08-15 00:00:00,BB0003,Air Galon,24,3,20,7,galon,105000,8
2024-08-15 00:00:00,BB0340,Kopi Bubuk,77,36,44,69,bungkus,345000,8
2024-08-15 00:00:00,BB0435,Kol,94,2,60,36,kg,288000,8
2024-08-15 00:00:00,BB0854,Gas LPG 3kg,55,7,28,34,tabung,714000,8
2024-08-15 00:00:00,BB0904,Tempe,47,35,62,20,potong,60000,8
2024-08-16 00:00:00,BB0046,Garam,73,18,88,3,kg,15000,8
2024-08-16 00:00:00,BB0258,Jeruk Peras,46,41,49,38,kg,456000,8
2024-08-16 00:00:00,BB0949,Tomat,53,15,37,31,kg,310000,8
2024-08-17 00:00:00,BB0444,Air Galon,41,1,34,8,galon,120000,8
2024-08-18 00:00:00,BB0350,Minyak Goreng,90,24,0,114,liter,1140000,8
2024-08-18 00:00:00,BB0668,Tempe,44,0,15,29,potong,87000,8
2024-08-18 00:00:00,BB0703,Beras,21,23,41,3,kg,39000,8
2024-08-18 00:00:00,BB0936,Saus Sambal,10,25,22,13,botol,130000,8
2024-08-19 00:00:00,BB0804,Teh Celup,30,33,46,17,bungkus,34000,8
2024-08-19 00:00:00,BB0924,Wortel,87,19,33,73,kg,657000,8
2024-08-20 00:00:00,BB0149,Tahu,16,30,31,15,buah,30000,8
2024-08-20 00:00:00,BB0240,Jeruk Peras,20,6,10,16,kg,192000,8
2024-08-20 00:00:00,BB0942,Gula Pasir,61,10,18,53,kg,636000,8
2024-08-21 00:00:00,BB0263,Kol,73,4,11,66,kg,528000,8
2024-08-21 00:00:00,BB0360,Telur Ayam,80,44,72,52,butir,104000,8
2024-08-21 00:00:00,BB0596,Gas LPG 3kg,6,27,3,30,tabung,630000,8
2024-08-21 00:00:00,BB0628,Minyak Goreng,100,41,107,34,liter,340000,8
2024-08-21 00:00:00,BB0937,Saus Sambal,48,28,65,11,botol,110000,8
2024-08-21 00:00:00,BB0982,Minyak Goreng,18,24,24,18,liter,180000,8
2024-08-22 00:00:00,BB0393,Kecap Manis,15,36,14,37,botol,444000,8
2024-08-22 00:00:00,BB0412,Kol,46,32,69,9,kg,72000,8
2024-08-22 00:00:00,BB0560,Cabe Merah,6,42,12,36,kg,1080000,8
2024-08-23 00:00:00,BB0218,Gula Pasir,84,27,108,3,kg,36000,8
2024-08-23 00:00:00,BB0661,Ikan Lele,51,39,27,63,kg,1575000,8
2024-08-23 00:00:00,BB0814,Wortel,92,31,41,82,kg,738000,8
2024-08-23 00:00:00,BB0963,Gula Pasir,11,22,3,30,kg,360000,8
2024-08-24 00:00:00,BB0489,Ikan Nila,11,22,23,10,kg,280000,8
2024-08-24 00:00:00,BB0750,Air Galon,47,3,40,10,galon,150000,8
2024-08-24 00:00:00,BB0796,Kecap Manis,71,35,76,30,botol,360000,8
2024-08-25 00:00:00,BB0158,Cabe Rawit,58,12,4,66,kg,2112000,8
2024-08-25 00:00:00,BB0712,Jeruk Peras,98,39,137,0,kg,0,8
2024-08-25 00:00:00,BB0978,Kecap Manis,60,25,56,29,botol,348000,8
2024-08-26 00:00:00,BB0539,Kecap Manis,15,4,16,3,botol,36000,8
2024-08-27 00:00:00,BB0633,Garam,57,5,42,20,kg,100000,8
2024-08-28 00:00:00,BB0337,Kentang,28,34,3,59,kg,590000,8
2024-08-28 00:00:00,BB0453,Ikan Nila,79,24,10,93,kg,2604000,8
2024-08-28 00:00:00,BB0642,Tempe,65,22,72,15,potong,45000,8
2024-08-28 00:00:00,BB0763,Kentang,100,40,33,107,kg,1070000,8
2024-08-28 00:00:00,BB0998,Tahu,30,18,17,31,buah,62000,8
2024-08-29 00:00:00,BB0270,Jeruk Peras,47,47,0,94,kg,1128000,8
2024-08-29 00:00:00,BB0403,Cabe Rawit,89,18,40,67,kg,2144000,8
2024-08-29 00:00:00,BB0627,Daging Sapi (Empal),9,15,4,20,kg,1800000,8
2024-08-29 00:00:00,BB0743,Susu Kental Manis,33,34,27,40,kaleng,400000,8
2024-08-30 00:00:00,BB0007,Kol,14,35,48,1,kg,8000,8
2024-08-30 00:00:00,BB0008,Gas LPG 3kg,74,49,75,48,tabung,1008000,8
2024-08-30 00:00:00,BB0190,Ikan Nila,41,47,6,82,kg,2296000,8
2024-08-31 00:00:00,BB0044,Teh Celup,76,17,30,63,bungkus,126000,8
2024-08-31 00:00:00,BB0348,Kol,39,39,53,25,kg,200000,8
2024-08-31 00:00:00,BB0771,Brokoli,39,49,7,81,kg,1215000,8
2024-09-02 00:00:00,BB0238,Garam,66,21,85,2,kg,10000,9
2024-09-02 00:00:00,BB0914,Mayones,58,34,8,84,botol,2100000,9
2024-09-04 00:00:00,BB0041,Garam,92,31,102,21,kg,105000,9
2024-09-04 00:00:00,BB0180,Nutrisari,69,38,13,94,sachet,141000,9
2024-09-04 00:00:00,BB0381,Bawang Putih,72,19,90,1,kg,22000,9
2024-09-04 00:00:00,BB0754,Kecap Manis,35,48,12,71,botol,852000,9
2024-09-04 00:00:00,BB0819,Brokoli,85,25,104,6,kg,90000,9
2024-09-05 00:00:00,BB0212,Kol,43,47,30,60,kg,480000,9
2024-09-05 00:00:00,BB0972,Daging Ayam,11,0,2,9,kg,342000,9
2024-09-06 00:00:00,BB0256,Wortel,94,49,119,24,kg,216000,9
2024-09-07 00:00:00,BB0195,Saus Sambal,45,38,12,71,botol,710000,9
2024-09-07 00:00:00,BB0484,Garam,42,12,21,33,kg,165000,9
2024-09-09 00:00:00,BB0221,Susu Kental Manis,15,25,17,23,kaleng,230000,9
2024-09-09 00:00:00,BB0401,Telur Ayam,76,38,10,104,butir,208000,9
2024-09-09 00:00:00,BB0482,Brokoli,13,33,37,9,kg,135000,9
2024-09-09 00:00:00,BB0691,Susu Kental Manis,80,36,64,52,kaleng,520000,9
2024-09-10 00:00:00,BB0060,Brokoli,62,44,76,30,kg,450000,9
2024-09-10 00:00:00,BB0822,Gula Pasir,48,22,16,54,kg,648000,9
2024-09-11 00:00:00,BB0074,Kopi Bubuk,11,27,38,0,bungkus,0,9
2024-09-11 00:00:00,BB0336,Cabe Merah,17,3,1,19,kg,570000,9
2024-09-12 00:00:00,BB0353,Ikan Lele,40,40,31,49,kg,1225000,9
2024-09-13 00:00:00,BB0140,Kol,22,7,28,1,kg,8000,9
2024-09-14 00:00:00,BB0399,Brokoli,59,22,32,49,kg,735000,9
2024-09-14 00:00:00,BB0736,Gula Pasir,59,32,9,82,kg,984000,9
2024-09-15 00:00:00,BB0865,Ikan Lele,59,31,24,66,kg,1650000,9
2024-09-16 00:00:00,BB0132,Susu Kental Manis,56,20,28,48,kaleng,480000,9
2024-09-16 00:00:00,BB0178,Telur Ayam,29,49,1,77,butir,154000,9
2024-09-16 00:00:00,BB0188,Gas LPG 3kg,47,15,20,42,tabung,882000,9
2024-09-16 00:00:00,BB0200,Kentang,58,36,7,87,kg,870000,9
2024-09-16 00:00:00,BB0319,Daging Ayam,80,27,58,49,kg,1862000,9
2024-09-16 00:00:00,BB0509,Ikan Lele,10,6,8,8,kg,200000,9
2024-09-16 00:00:00,BB0585,Tempe,19,33,10,42,potong,126000,9
2024-09-17 00:00:00,BB0061,Daging Ayam,96,8,17,87,kg,3306000,9
2024-09-17 00:00:00,BB0660,Bawang Merah,55,48,4,99,kg,2475000,9
2024-09-17 00:00:00,BB0886,Beras,61,19,74,6,kg,78000,9
2024-09-18 00:00:00,BB0502,Daging Sapi (Empal),65,43,58,50,kg,4500000,9
2024-09-18 00:00:00,BB0922,Daging Sapi (Empal),62,16,1,77,kg,6930000,9
2024-09-19 00:00:00,BB0752,Bawang Putih,6,40,46,0,kg,0,9
2024-09-19 00:00:00,BB0983,Teh Celup,36,37,13,60,bungkus,120000,9
2024-09-20 00:00:00,BB0390,Kol,15,5,7,13,kg,104000,9
2024-09-20 00:00:00,BB0426,Susu Kental Manis,18,33,27,24,kaleng,240000,9
2024-09-20 00:00:00,BB1000,Mayones,92,29,95,26,botol,650000,9
2024-09-21 00:00:00,BB0365,Saus Sambal,71,29,34,66,botol,660000,9
2024-09-21 00:00:00,BB0371,Brokoli,51,35,72,14,kg,210000,9
2024-09-21 00:00:00,BB0875,Bawang Putih,89,45,47,87,kg,1914000,9
2024-09-22 00:00:00,BB0683,Wortel,11,38,38,11,kg,99000,9
2024-09-23 00:00:00,BB0363,Wortel,42,43,51,34,kg,306000,9
2024-09-23 00:00:00,BB0635,Garam,6,41,6,41,kg,205000,9
2024-09-24 00:00:00,BB0610,Saus Sambal,32,34,6,60,botol,600000,9
2024-09-24 00:00:00,BB0964,Mayones,46,17,60,3,botol,75000,9
2024-09-25 00:00:00,BB0473,Susu Kental Manis,50,31,10,71,kaleng,710000,9
2024-09-26 00:00:00,BB0197,Telur Ayam,31,37,18,50,butir,100000,9
2024-09-26 00:00:00,BB0274,Jeruk Peras,14,29,9,34,kg,408000,9
2024-09-26 00:00:00,BB0695,Teh Celup,85,43,106,22,bungkus,44000,9
2024-09-26 00:00:00,BB0697,Garam,56,0,31,25,kg,125000,9
2024-09-26 00:00:00,BB0806,Air Galon,79,30,6,103,galon,1545000,9
2024-09-27 00:00:00,BB0559,Garam,8,44,37,15,kg,75000,9
2024-09-27 00:00:00,BB0590,Nutrisari,56,33,44,45,sachet,67500,9
2024-09-27 00:00:00,BB0916,Ikan Gurame,70,7,72,5,kg,175000,9
2024-09-28 00:00:00,BB0728,Bawang Merah,56,18,1,73,kg,1825000,9
2024-09-28 00:00:00,BB0908,Tempe,44,21,50,15,potong,45000,9
2024-09-29 00:00:00,BB0191,Daging Sapi (Empal),48,6,0,54,kg,4860000,9
2024-09-29 00:00:00,BB0223,Garam,45,44,85,4,kg,20000,9
2024-09-29 00:00:00,BB0896,Susu Kental Manis,90,26,74,42,kaleng,420000,9
2024-09-29 00:00:00,BB0986,Gas LPG 3kg,96,16,56,56,tabung,1176000,9
2024-09-30 00:00:00,BB0570,Beras,15,34,0,49,kg,637000,9
2024-09-30 00:00:00,BB0775,Mayones,6,32,17,21,botol,525000,9
2024-09-30 00:00:00,BB0920,Tahu,59,37,53,43,buah,86000,9
2024-09-30 00:00:00,BB0955,Brokoli,51,5,7,49,kg,735000,9
2024-10-01 00:00:00,BB0290,Ikan Lele,67,24,70,21,kg,525000,10
2024-10-01 00:00:00,BB0442,Gula Pasir,36,6,35,7,kg,84000,10
2024-10-01 00:00:00,BB0809,Jeruk Peras,26,47,14,59,kg,708000,10
2024-10-02 00:00:00,BB0122,Gas LPG 3kg,69,7,29,47,tabung,987000,10
2024-10-02 00:00:00,BB0317,Telur Ayam,60,29,69,20,butir,40000,10
2024-10-02 00:00:00,BB0831,Gas LPG 3kg,23,41,46,18,tabung,378000,10
2024-10-02 00:00:00,BB0989,Mayones,55,38,7,86,botol,2150000,10
2024-10-03 00:00:00,BB0102,Saus Sambal,41,43,43,41,botol,410000,10
2024-10-03 00:00:00,BB0344,Wortel,90,8,5,93,kg,837000,10
2024-10-03 00:00:00,BB0680,Gas LPG 3kg,100,31,50,81,tabung,1701000,10
2024-10-04 00:00:00,BB0032,Tahu,12,17,1,28,buah,56000,10
2024-10-04 00:00:00,BB0352,Nutrisari,50,18,44,24,sachet,36000,10
2024-10-04 00:00:00,BB0595,Minyak Goreng,86,29,47,68,liter,680000,10
2024-10-04 00:00:00,BB0810,Jeruk Peras,82,19,73,28,kg,336000,10
2024-10-05 00:00:00,BB0331,Daging Sapi (Empal),44,45,20,69,kg,6210000,10
2024-10-06 00:00:00,BB0879,Kopi Bubuk,70,49,20,99,bungkus,495000,10
2024-10-07 00:00:00,BB0181,Tomat,9,23,24,8,kg,80000,10
2024-10-07 00:00:00,BB0481,Bawang Merah,44,37,52,29,kg,725000,10
2024-10-08 00:00:00,BB0456,Kol,9,3,9,3,kg,24000,10
2024-10-09 00:00:00,BB0541,Mayones,53,24,68,9,botol,225000,10
2024-10-09 00:00:00,BB0623,Brokoli,35,38,28,45,kg,675000,10
2024-10-10 00:00:00,BB0490,Daging Ayam,83,5,76,12,kg,456000,10
2024-10-11 00:00:00,BB0298,Ikan Nila,35,10,32,13,kg,364000,10
2024-10-11 00:00:00,BB0514,Tahu,32,48,38,42,buah,84000,10
2024-10-11 00:00:00,BB0866,Gas LPG 3kg,25,34,41,18,tabung,378000,10
2024-10-12 00:00:00,BB0059,Garam,81,34,92,23,kg,115000,10
2024-10-12 00:00:00,BB0597,Ikan Lele,29,43,38,34,kg,850000,10
2024-10-13 00:00:00,BB0016,Bawang Putih,79,15,56,38,kg,836000,10
2024-10-13 00:00:00,BB0118,Saus Sambal,75,26,82,19,botol,190000,10
2024-10-13 00:00:00,BB0285,Telur Ayam,23,39,23,39,butir,78000,10
2024-10-13 00:00:00,BB0648,Wortel,63,17,0,80,kg,720000,10
2024-10-13 00:00:00,BB0888,Tomat,62,0,43,19,kg,190000,10
2024-10-14 00:00:00,BB0423,Tomat,76,15,18,73,kg,730000,10
2024-10-14 00:00:00,BB0492,Kol,32,25,1,56,kg,448000,10
2024-10-14 00:00:00,BB0825,Daging Sapi (Empal),90,30,24,96,kg,8640000,10
2024-10-15 00:00:00,BB0252,Minyak Goreng,84,27,105,6,liter,60000,10
2024-10-15 00:00:00,BB0269,Telur Ayam,71,5,44,32,butir,64000,10
2024-10-15 00:00:00,BB0364,Ikan Lele,56,41,26,71,kg,1775000,10
2024-10-15 00:00:00,BB0464,Kentang,77,34,48,63,kg,630000,10
2024-10-16 00:00:00,BB0171,Cabe Merah,27,20,35,12,kg,360000,10
2024-10-16 00:00:00,BB0227,Cabe Merah,62,39,37,64,kg,1920000,10
2024-10-17 00:00:00,BB0946,Mayones,34,16,50,0,botol,0,10
2024-10-17 00:00:00,BB0997,Kol,66,42,22,86,kg,688000,10
2024-10-18 00:00:00,BB0029,Daging Ayam,46,12,25,33,kg,1254000,10
2024-10-18 00:00:00,BB0636,Bawang Putih,60,1,3,58,kg,1276000,10
2024-10-18 00:00:00,BB0871,Cabe Rawit,13,15,28,0,kg,0,10
2024-10-18 00:00:00,BB0965,Telur Ayam,75,42,29,88,butir,176000,10
2024-10-19 00:00:00,BB0417,Gas LPG 3kg,26,10,13,23,tabung,483000,10
2024-10-19 00:00:00,BB0520,Mayones,100,36,136,0,botol,0,10
2024-10-20 00:00:00,BB0587,Minyak Goreng,13,19,16,16,liter,160000,10
2024-10-20 00:00:00,BB0721,Jeruk Peras,7,48,53,2,kg,24000,10
2024-10-20 00:00:00,BB0870,Susu Kental Manis,13,13,3,23,kaleng,230000,10
2024-10-21 00:00:00,BB0145,Wortel,49,49,19,79,kg,711000,10
2024-10-21 00:00:00,BB0455,Nutrisari,27,24,37,14,sachet,21000,10
2024-10-22 00:00:00,BB0009,Saus Sambal,43,39,2,80,botol,800000,10
2024-10-22 00:00:00,BB0512,Kopi Bubuk,16,18,20,14,bungkus,70000,10
2024-10-22 00:00:00,BB0573,Ikan Nila,72,32,38,66,kg,1848000,10
2024-10-22 00:00:00,BB0678,Susu Kental Manis,47,50,74,23,kaleng,230000,10
2024-10-22 00:00:00,BB0735,Minyak Goreng,98,39,45,92,liter,920000,10
2024-10-23 00:00:00,BB0987,Ikan Nila,39,35,69,5,kg,140000,10
2024-10-24 00:00:00,BB0093,Ikan Gurame,47,20,62,5,kg,175000,10
2024-10-24 00:00:00,BB0335,Kentang,66,25,21,70,kg,700000,10
2024-10-24 00:00:00,BB0391,Daging Ayam,39,8,47,0,kg,0,10
2024-10-24 00:00:00,BB0860,Brokoli,85,32,17,100,kg,1500000,10
2024-10-26 00:00:00,BB0124,Saus Sambal,40,17,48,9,botol,90000,10
2024-10-26 00:00:00,BB0165,Wortel,20,28,21,27,kg,243000,10
2024-10-26 00:00:00,BB0215,Teh Celup,18,24,36,6,bungkus,12000,10
2024-10-26 00:00:00,BB0359,Kol,71,46,68,49,kg,392000,10
2024-10-26 00:00:00,BB0714,Bawang Merah,59,19,54,24,kg,600000,10
2024-10-27 00:00:00,BB0921,Minyak Goreng,64,17,5,76,liter,760000,10
2024-10-28 00:00:00,BB0161,Mayones,7,24,10,21,botol,525000,10
2024-10-28 00:00:00,BB0260,Beras,24,10,10,24,kg,312000,10
2024-10-28 00:00:00,BB0302,Kentang,30,47,30,47,kg,470000,10
2024-10-28 00:00:00,BB0406,Daging Sapi (Empal),71,27,94,4,kg,360000,10
2024-10-28 00:00:00,BB0641,Jeruk Peras,67,20,57,30,kg,360000,10
2024-10-28 00:00:00,BB0693,Kentang,99,50,130,19,kg,190000,10
2024-10-28 00:00:00,BB0861,Susu Kental Manis,78,6,63,21,kaleng,210000,10
2024-10-28 00:00:00,BB0947,Nutrisari,30,25,29,26,sachet,39000,10
2024-10-29 00:00:00,BB0724,Bawang Merah,53,45,36,62,kg,1550000,10
2024-10-29 00:00:00,BB0961,Telur Ayam,12,49,25,36,butir,72000,10
2024-10-30 00:00:00,BB0176,Bawang Merah,43,8,20,31,kg,775000,10
2024-10-30 00:00:00,BB0345,Ikan Nila,94,38,47,85,kg,2380000,10
2024-10-31 00:00:00,BB0537,Air Galon,59,27,31,55,galon,825000,10
2024-10-31 00:00:00,BB0760,Daging Ayam,21,50,45,26,kg,988000,10
2024-11-01 00:00:00,BB0719,Teh Celup,15,27,42,0,bungkus,0,11
2024-11-01 00:00:00,BB0749,Nutrisari,35,11,5,41,sachet,61500,11
2024-11-02 00:00:00,BB0548,Ikan Nila,55,41,28,68,kg,1904000,11
2024-11-02 00:00:00,BB0827,Telur Ayam,56,14,49,21,butir,42000,11
2024-11-02 00:00:00,BB0880,Daging Sapi (Empal),61,17,62,16,kg,1440000,11
2024-11-03 00:00:00,BB0116,Kol,83,22,39,66,kg,528000,11
2024-11-03 00:00:00,BB0177,Kecap Manis,66,33,82,17,botol,204000,11
2024-11-03 00:00:00,BB0280,Teh Celup,66,42,56,52,bungkus,104000,11
2024-11-03 00:00:00,BB0421,Kol,73,50,40,83,kg,664000,11
2024-11-03 00:00:00,BB0457,Mayones,6,3,8,1,botol,25000,11
2024-11-04 00:00:00,BB0485,Gula Pasir,64,19,25,58,kg,696000,11
2024-11-04 00:00:00,BB0667,Minyak Goreng,67,31,68,30,liter,300000,11
2024-11-05 00:00:00,BB0341,Bawang Putih,33,10,5,38,kg,836000,11
2024-11-05 00:00:00,BB0501,Kecap Manis,37,20,45,12,botol,144000,11
2024-11-05 00:00:00,BB0828,Tahu,44,16,56,4,buah,8000,11
2024-11-05 00:00:00,BB0835,Tempe,51,1,14,38,potong,114000,11
2024-11-07 00:00:00,BB0206,Bawang Putih,97,26,113,10,kg,220000,11
2024-11-08 00:00:00,BB0604,Ikan Nila,93,20,81,32,kg,896000,11
2024-11-08 00:00:00,BB0622,Garam,70,37,77,30,kg,150000,11
2024-11-08 00:00:00,BB0882,Jeruk Peras,21,34,22,33,kg,396000,11
2024-11-09 00:00:00,BB0070,Kentang,29,13,33,9,kg,90000,11
2024-11-09 00:00:00,BB0959,Minyak Goreng,13,46,23,36,liter,360000,11
2024-11-10 00:00:00,BB0033,Nutrisari,89,10,93,6,sachet,9000,11
2024-11-11 00:00:00,BB0150,Brokoli,6,15,17,4,kg,60000,11
2024-11-11 00:00:00,BB0614,Daging Ayam,41,38,6,73,kg,2774000,11
2024-11-12 00:00:00,BB0816,Daging Sapi (Empal),80,35,24,91,kg,8190000,11
2024-11-13 00:00:00,BB0291,Tomat,90,40,68,62,kg,620000,11
2024-11-13 00:00:00,BB0593,Jeruk Peras,69,39,23,85,kg,1020000,11
2024-11-13 00:00:00,BB0779,Ikan Nila,11,48,57,2,kg,56000,11
2024-11-14 00:00:00,BB0187,Minyak Goreng,16,25,27,14,liter,140000,11
2024-11-14 00:00:00,BB0286,Tomat,45,33,1,77,kg,770000,11
2024-11-14 00:00:00,BB0563,Kopi Bubuk,77,16,86,7,bungkus,35000,11
2024-11-14 00:00:00,BB0708,Jeruk Peras,90,31,115,6,kg,72000,11
2024-11-14 00:00:00,BB0876,Air Galon,62,44,39,67,galon,1005000,11
2024-11-15 00:00:00,BB0079,Brokoli,25,2,14,13,kg,195000,11
2024-11-15 00:00:00,BB0517,Bawang Merah,40,46,58,28,kg,700000,11
2024-11-16 00:00:00,BB0726,Ikan Nila,98,28,71,55,kg,1540000,11
2024-11-17 00:00:00,BB0466,Jeruk Peras,90,5,14,81,kg,972000,11
2024-11-17 00:00:00,BB0592,Kecap Manis,9,11,10,10,botol,120000,11
2024-11-17 00:00:00,BB0638,Ikan Nila,21,18,21,18,kg,504000,11
2024-11-19 00:00:00,BB0253,Brokoli,54,8,54,8,kg,120000,11
2024-11-19 00:00:00,BB0312,Garam,29,50,47,32,kg,160000,11
2024-11-19 00:00:00,BB0864,Bawang Putih,59,7,58,8,kg,176000,11
2024-11-20 00:00:00,BB0343,Kopi Bubuk,13,4,9,8,bungkus,40000,11
2024-11-21 00:00:00,BB0231,Garam,74,10,36,48,kg,240000,11
2024-11-21 00:00:00,BB0354,Kecap Manis,80,8,62,26,botol,312000,11
2024-11-21 00:00:00,BB0472,Susu Kental Manis,55,30,5,80,kaleng,800000,11
2024-11-22 00:00:00,BB0797,Kecap Manis,65,15,69,11,botol,132000,11
2024-11-23 00:00:00,BB0001,Kopi Bubuk,65,34,3,96,bungkus,480000,11
2024-11-23 00:00:00,BB0362,Cabe Merah,21,48,65,4,kg,120000,11
2024-11-23 00:00:00,BB0836,Wortel,17,40,20,37,kg,333000,11
2024-11-24 00:00:00,BB0209,Gula Pasir,52,16,35,33,kg,396000,11
2024-11-24 00:00:00,BB0321,Susu Kental Manis,51,9,6,54,kaleng,540000,11
2024-11-24 00:00:00,BB0342,Jeruk Peras,25,8,4,29,kg,348000,11
2024-11-24 00:00:00,BB0884,Susu Kental Manis,51,2,10,43,kaleng,430000,11
2024-11-25 00:00:00,BB0984,Minyak Goreng,87,1,72,16,liter,160000,11
2024-11-26 00:00:00,BB0562,Nutrisari,78,5,75,8,sachet,12000,11
2024-11-26 00:00:00,BB0696,Gula Pasir,95,48,112,31,kg,372000,11
2024-11-27 00:00:00,BB0547,Kol,85,4,15,74,kg,592000,11
2024-11-27 00:00:00,BB0834,Cabe Merah,42,5,31,16,kg,480000,11
2024-11-28 00:00:00,BB0159,Kecap Manis,84,46,103,27,botol,324000,11
2024-11-28 00:00:00,BB0275,Cabe Merah,68,38,96,10,kg,300000,11
2024-11-28 00:00:00,BB0347,Kol,24,41,26,39,kg,312000,11
2024-11-28 00:00:00,BB0895,Air Galon,57,17,35,39,galon,585000,11
2024-11-28 00:00:00,BB0899,Kol,25,41,15,51,kg,408000,11
2024-11-29 00:00:00,BB0141,Beras,77,35,51,61,kg,793000,11
2024-11-29 00:00:00,BB0561,Cabe Rawit,63,34,91,6,kg,192000,11
2024-11-29 00:00:00,BB0833,Gas LPG 3kg,23,7,16,14,tabung,294000,11
2024-11-30 00:00:00,BB0057,Kol,45,22,41,26,kg,208000,11
2024-11-30 00:00:00,BB0153,Ikan Lele,76,7,47,36,kg,900000,11
2024-11-30 00:00:00,BB0192,Kecap Manis,30,38,9,59,botol,708000,11
2024-11-30 00:00:00,BB0789,Kol,40,28,15,53,kg,424000,11
2024-12-01 00:00:00,BB0254,Daging Ayam,88,17,66,39,kg,1482000,12
2024-12-01 00:00:00,BB0316,Minyak Goreng,9,39,40,8,liter,80000,12
2024-12-01 00:00:00,BB0395,Wortel,17,38,24,31,kg,279000,12
2024-12-01 00:00:00,BB0624,Beras,85,49,47,87,kg,1131000,12
2024-12-02 00:00:00,BB0815,Daging Ayam,84,40,78,46,kg,1748000,12
2024-12-03 00:00:00,BB0266,Mayones,41,30,20,51,botol,1275000,12
2024-12-03 00:00:00,BB0632,Ikan Gurame,33,13,1,45,kg,1575000,12
2024-12-03 00:00:00,BB0906,Bawang Merah,48,21,22,47,kg,1175000,12
2024-12-04 00:00:00,BB0139,Cabe Rawit,12,34,19,27,kg,864000,12
2024-12-04 00:00:00,BB0311,Mayones,98,28,60,66,botol,1650000,12
2024-12-04 00:00:00,BB0601,Gas LPG 3kg,97,41,43,95,tabung,1995000,12
2024-12-04 00:00:00,BB0608,Bawang Merah,73,14,14,73,kg,1825000,12
2024-12-04 00:00:00,BB0925,Beras,12,15,26,1,kg,13000,12
2024-12-05 00:00:00,BB0110,Air Galon,60,19,72,7,galon,105000,12
2024-12-05 00:00:00,BB0607,Daging Ayam,59,41,65,35,kg,1330000,12
2024-12-05 00:00:00,BB0751,Tomat,20,18,24,14,kg,140000,12
2024-12-05 00:00:00,BB0941,Telur Ayam,90,35,95,30,butir,60000,12
2024-12-06 00:00:00,BB0410,Tahu,48,45,36,57,buah,114000,12
2024-12-06 00:00:00,BB0647,Cabe Merah,76,4,40,40,kg,1200000,12
2024-12-06 00:00:00,BB0988,Mayones,78,4,27,55,botol,1375000,12
2024-12-07 00:00:00,BB0121,Kentang,84,6,34,56,kg,560000,12
2024-12-07 00:00:00,BB0250,Kecap Manis,30,48,76,2,botol,24000,12
2024-12-07 00:00:00,BB0304,Minyak Goreng,14,10,14,10,liter,100000,12
2024-12-07 00:00:00,BB0339,Susu Kental Manis,15,20,19,16,kaleng,160000,12
2024-12-07 00:00:00,BB0646,Garam,85,28,27,86,kg,430000,12
2024-12-08 00:00:00,BB0508,Beras,94,16,80,30,kg,390000,12
2024-12-08 00:00:00,BB0618,Jeruk Peras,90,23,5,108,kg,1296000,12
2024-12-08 00:00:00,BB0725,Cabe Rawit,88,15,32,71,kg,2272000,12
2024-12-08 00:00:00,BB0805,Wortel,35,29,39,25,kg,225000,12
2024-12-08 00:00:00,BB0811,Mayones,21,16,1,36,botol,900000,12
2024-12-09 00:00:00,BB0334,Tempe,11,9,3,17,potong,51000,12
2024-12-09 00:00:00,BB0605,Gula Pasir,79,14,46,47,kg,564000,12
2024-12-09 00:00:00,BB0829,Mayones,50,15,45,20,botol,500000,12
2024-12-09 00:00:00,BB0857,Nutrisari,29,35,29,35,sachet,52500,12
2024-12-10 00:00:00,BB0582,Kol,52,28,19,61,kg,488000,12
2024-12-10 00:00:00,BB0741,Kentang,59,30,38,51,kg,510000,12
2024-12-11 00:00:00,BB0156,Ikan Gurame,90,41,64,67,kg,2345000,12
2024-12-11 00:00:00,BB0649,Susu Kental Manis,7,42,29,20,kaleng,200000,12
2024-12-12 00:00:00,BB0138,Teh Celup,10,25,28,7,bungkus,14000,12
2024-12-12 00:00:00,BB0366,Kentang,80,30,53,57,kg,570000,12
2024-12-12 00:00:00,BB0733,Kol,22,22,33,11,kg,88000,12
2024-12-12 00:00:00,BB0883,Cabe Rawit,43,28,7,64,kg,2048000,12
2024-12-13 00:00:00,BB0396,Susu Kental Manis,32,4,26,10,kaleng,100000,12
2024-12-14 00:00:00,BB0103,Kopi Bubuk,99,1,13,87,bungkus,435000,12
2024-12-14 00:00:00,BB0552,Tempe,100,38,43,95,potong,285000,12
2024-12-14 00:00:00,BB0720,Susu Kental Manis,80,1,74,7,kaleng,70000,12
2024-12-14 00:00:00,BB0999,Ikan Nila,69,20,48,41,kg,1148000,12
2024-12-15 00:00:00,BB0568,Tahu,67,50,26,91,buah,182000,12
2024-12-16 00:00:00,BB0452,Bawang Putih,12,41,47,6,kg,132000,12
2024-12-16 00:00:00,BB0966,Cabe Merah,16,7,23,0,kg,0,12
2024-12-17 00:00:00,BB0226,Kopi Bubuk,81,8,21,68,bungkus,340000,12
2024-12-17 00:00:00,BB0665,Ikan Nila,17,15,7,25,kg,700000,12
2024-12-17 00:00:00,BB0688,Ikan Gurame,66,13,14,65,kg,2275000,12
2024-12-17 00:00:00,BB0994,Wortel,100,45,39,106,kg,954000,12
2024-12-17 00:00:00,BB0995,Nutrisari,14,24,5,33,sachet,49500,12
2024-12-18 00:00:00,BB0133,Gas LPG 3kg,54,1,10,45,tabung,945000,12
2024-12-18 00:00:00,BB0173,Tahu,84,50,69,65,buah,130000,12
2024-12-18 00:00:00,BB0216,Kentang,39,50,47,42,kg,420000,12
2024-12-18 00:00:00,BB0284,Air Galon,96,49,100,45,galon,675000,12
2024-12-20 00:00:00,BB0376,Minyak Goreng,89,37,39,87,liter,870000,12
2024-12-20 00:00:00,BB0462,Tahu,94,47,78,63,buah,126000,12
2024-12-20 00:00:00,BB0945,Saus Sambal,7,29,30,6,botol,60000,12
2024-12-21 00:00:00,BB0522,Daging Ayam,78,7,23,62,kg,2356000,12
2024-12-22 00:00:00,BB0398,Ikan Nila,42,33,52,23,kg,644000,12
2024-12-22 00:00:00,BB0418,Tahu,66,48,22,92,buah,184000,12
2024-12-22 00:00:00,BB0565,Gula Pasir,98,45,5,138,kg,1656000,12
2024-12-23 00:00:00,BB0021,Gas LPG 3kg,9,20,24,5,tabung,105000,12
2024-12-23 00:00:00,BB0567,Ikan Nila,42,2,40,4,kg,112000,12
2024-12-23 00:00:00,BB0578,Bawang Merah,52,40,18,74,kg,1850000,12
2024-12-23 00:00:00,BB0996,Brokoli,74,7,17,64,kg,960000,12
2024-12-25 00:00:00,BB0439,Air Galon,18,0,13,5,galon,75000,12
2024-12-25 00:00:00,BB0869,Telur Ayam,91,6,11,86,butir,172000,12
2024-12-26 00:00:00,BB0142,Wortel,85,9,37,57,kg,513000,12
2024-12-26 00:00:00,BB0162,Saus Sambal,22,32,28,26,botol,260000,12
2024-12-27 00:00:00,BB0068,Gas LPG 3kg,30,9,7,32,tabung,672000,12
2024-12-28 00:00:00,BB0129,Susu Kental Manis,70,47,2,115,kaleng,1150000,12
2024-12-28 00:00:00,BB0430,Teh Celup,98,24,87,35,bungkus,70000,12
2024-12-28 00:00:00,BB0523,Cabe Rawit,75,20,61,34,kg,1088000,12
2024-12-28 00:00:00,BB0545,Beras,51,24,19,56,kg,728000,12
2024-12-28 00:00:00,BB0675,Teh Celup,9,35,30,14,bungkus,28000,12
2024-12-28 00:00:00,BB0843,Wortel,56,32,5,83,kg,747000,12
2024-12-29 00:00:00,BB0225,Kecap Manis,14,40,1,53,botol,636000,12
2024-12-29 00:00:00,BB0434,Kentang,34,35,17,52,kg,520000,12
2024-12-30 00:00:00,BB0020,Cabe Merah,11,35,29,17,kg,510000,12
2024-12-30 00:00:00,BB0277,Jeruk Peras,22,17,29,10,kg,120000,12
2024-12-30 00:00:00,BB0824,Ikan Lele,83,15,54,44,kg,1100000,12
2024-12-31 00:00:00,BB0052,Minyak Goreng,60,17,60,17,liter,170000,12
